﻿result,allele_value,meaning,allele_description
DD,"deletion, deletion",Two copies of a deletion,homozygous
II,"insertion, insertion",Two copies of an insertion,homozygous
DI,"deletion, insertion","One copy of a deletion, one copy of an insertion",heterozygous
AA,"adenine, adenine",two copies of adenine,homozygous
CC,"cytosine, cytosine",two copies of cytosine,homozygous
GG,"guanine, guanine",two copies of guanine,homozygous
TT,"thymine, thymine",two copies of thymine,homozygous
CT,"cytosine, thymine","One cytosine copy, one thymine copy",heterozygous
TC,"thymine, cytosine","One thymine copy, one cytosine copy",heterozygous
AG,"adenine, adenine",two adenine copies,homozygous
GA,"guanine, adenine","One guanine copy, one adenine copy",heterozygous
"""--""",no call,No result was obtained,N/A
